<?xml version="1.0" encoding="UTF-8"?>
<eventPublisher name="com.javahelps.publisher.thrift.Temperature"
  statistics="disable" trace="disable" xmlns="http://wso2.org/carbon/eventpublisher">
  <from streamName="com.javahelps.stream.Temperature" version="1.0.0"/>
  <mapping customMapping="disable" type="wso2event"/>
  <to eventAdapterType="wso2event">
    <property name="authenticatorURL">ssl://localhost:8988</property>
    <property encrypted="true" name="password">kuv2MubUUveMyv6GeHrXr9il59ajJIqUI4eoYHcgGKf/BBFOWn96NTjJQI+wYbWjKW6r79S7L7ZzgYeWx7DlGbff5X3pBN2Gh9yV0BHP1E93QtFqR7uTWi141Tr7V7ZwScwNqJbiNoV+vyLbsqKJE7T3nP8Ih9Y6omygbcLcHzg=</property>
    <property name="protocol">thrift</property>
    <property name="publishTimeout">0</property>
    <property name="publishingMode">non-blocking</property>
    <property name="receiverURL">tcp://localhost:8888</property>
    <property name="username">admin</property>
  </to>
</eventPublisher>
