<?xml version="1.0" encoding="UTF-8"?>
<project xmlns="http://maven.apache.org/POM/4.0.0" xmlns:xsi="http://www.w3.org/2001/XMLSchema-instance" xsi:schemaLocation="http://maven.apache.org/POM/4.0.0 http://maven.apache.org/maven-v4_0_0.xsd">
  <parent>
    <artifactId>msf4j-service</artifactId>
    <groupId>org.wso2.msf4j</groupId>
    <version>2.0.0</version>
    <relativePath>../pom.xml/pom.xml</relativePath>
  </parent>
  <modelVersion>4.0.0</modelVersion>
  <groupId>com.javahelps</groupId>
  <artifactId>Hello-Service</artifactId>
  <name>WSO2 MSF4J Microservice</name>
  <version>0.1-SNAPSHOT</version>
  <properties>
    <microservice.mainClass>com.javahelps.service.Application</microservice.mainClass>
  </properties>
</project>

